{
	"class_name" : "PinholeCameraParameters",
	"extrinsic" : 
	[
		1.0,
		0.0,
		0.0,
		0.0,
		0.0,
		1.0,
		0.0,
		0.0,
		0.0,
		0.0,
		1.0,
		0.0,
		0.0,
		0.0,
		0.0,
		1.0
	],
	"intrinsic" : 
	{
		"height" : 720,
		"intrinsic_matrix" : 
		[
			939.68496007523777,
			0.0,
			0.0,
			0.0,
			968.213414965212,
			0.0,
			639.49820827378915,
			359.4704488665032,
			1.0
		],
		"width" : 1280
	},
	"version_major" : 1,
	"version_minor" : 0
}