{
	"class_name" : "PinholeCameraParameters",
	"extrinsic" : 
	[
		0.010513729657067912,
		0.70551601715848733,
		-0.70861598275901405,
		0.0,
		-0.79628022655815023,
		0.43455137877512195,
		0.42083595378382482,
		0.0,
		0.60483655832067496,
		0.55983233984601655,
		0.56635720970191183,
		0.0,
		-0.82517924825418143,
		-0.58628256095237485,
		0.5296830323214583,
		1.0
	],
	"intrinsic" : 
	{
		"height" : 720,
		"intrinsic_matrix" : 
		[
			924.12676547816591,
			0.0,
			0.0,
			0.0,
			914.60289687465809,
			0.0,
			639.44021752033871,
			337.51114987604535,
			1.0
		],
		"width" : 1280
	},
	"version_major" : 1,
	"version_minor" : 0
}