{
	"class_name" : "PinholeCameraParameters",
	"extrinsic" : 
	[
		0.10188018018797163,
		-0.822695645448421,
		0.55927837777360268,
		0.0,
		0.74995067501018531,
		0.43289639994636009,
		0.50017466145862355,
		0.0,
		-0.6536011122516806,
		0.36847331229505242,
		0.66108471786124268,
		0.0,
		0.78795816340434066,
		-0.4203564465276719,
		0.4123369394254694,
		1.0
	],
	"intrinsic" : 
	{
		"height" : 720,
		"intrinsic_matrix" : 
		[
			930.73938528667759,
			0.0,
			0.0,
			0.0,
			925.3438335911826,
			0.0,
			639.54547324658358,
			359.49969105319605,
			1.0
		],
		"width" : 1280
	},
	"version_major" : 1,
	"version_minor" : 0
}