{
	"class_name" : "PinholeCameraParameters",
	"extrinsic" : 
	[
		-0.9953420990590357,
		-0.040062554921230301,
		-0.087687499302555816,
		0.0,
		-0.076953242682148371,
		-0.21772563034142056,
		0.97297160715672126,
		0.0,
		-0.058071544507225716,
		0.97518743920623507,
		0.2136285424116609,
		0.0,
		0.11292804407044413,
		-1.1822155119867812,
		0.99532727818924427,
		1.0
	],
	"intrinsic" : 
	{
		"height" : 720,
		"intrinsic_matrix" : 
		[
			948.6254107091213,
			0.0,
			0.0,
			0.0,
			971.57390478973264,
			0.0,
			639.3740891420299,
			359.40952959625304,
			1.0
		],
		"width" : 1280
	},
	"version_major" : 1,
	"version_minor" : 0
}