{
  "cameras": {
    "cam0": {
      "model": "standard",
      "image_size": [
        1280,
        720
      ],
      "K": [
        [
          939.6849600752378,
          0.0,
          639.4982082737891
        ],
        [
          0.0,
          968.213414965212,
          359.4704488665032
        ],
        [
          0.0,
          0.0,
          1.0
        ]
      ],
      "dist": [
        [
          0.016682930052081286,
          0.07049498197363029,
          0.0012979638839173376,
          0.0016003754113669835,
          -0.4443744136085461
        ]
      ]
    },
    "cam1": {
      "model": "standard",
      "image_size": [
        1280,
        720
      ],
      "K": [
        [
          924.1267654781659,
          0.0,
          639.4402175203387
        ],
        [
          0.0,
          914.6028968746581,
          337.51114987604535
        ],
        [
          0.0,
          0.0,
          1.0
        ]
      ],
      "dist": [
        [
          0.12656368112320163,
          -0.27373226631979164,
          0.006561624810357796,
          -0.002896807820354581,
          -0.09152471788727305
        ]
      ]
    },
    "cam2": {
      "model": "standard",
      "image_size": [
        1280,
        720
      ],
      "K": [
        [
          930.7393852866776,
          0.0,
          639.5454732465836
        ],
        [
          0.0,
          925.3438335911826,
          359.49969105319605
        ],
        [
          0.0,
          0.0,
          1.0
        ]
      ],
      "dist": [
        [
          0.008444842802164534,
          0.03362000546843673,
          0.0023035736353605833,
          0.00035812056903145934,
          -0.3457991921116971
        ]
      ]
    },
    "cam3": {
      "model": "standard",
      "image_size": [
        1280,
        720
      ],
      "K": [
        [
          948.6254107091213,
          0.0,
          639.3740891420299
        ],
        [
          0.0,
          971.5739047897326,
          359.40952959625304
        ],
        [
          0.0,
          0.0,
          1.0
        ]
      ],
      "dist": [
        [
          0.012751304055154527,
          0.041452852287529464,
          0.0022118902611759075,
          0.00020524239952448162,
          -0.4447482675790417
        ]
      ]
    }
  },
  "camera_poses": {
    "cam0": {
      "R": [
        [
          1.0,
          0.0,
          0.0
        ],
        [
          0.0,
          1.0,
          0.0
        ],
        [
          0.0,
          0.0,
          1.0
        ]
      ],
      "T": [
        0.0,
        0.0,
        0.0
      ]
    },
    "cam1_to_cam0": {
      "R": [
        [
          0.010513729657067912,
          -0.7962802265581502,
          0.604836558320675
        ],
        [
          0.7055160171584873,
          0.43455137877512195,
          0.5598323398460165
        ],
        [
          -0.708615982759014,
          0.4208359537838248,
          0.5663572097019118
        ]
      ],
      "T": [
        -0.8251792482541814,
        -0.5862825609523749,
        0.5296830323214583
      ]
    },
    "cam2_to_cam0": {
      "R": [
        [
          0.10188018018797163,
          0.7499506750101853,
          -0.6536011122516806
        ],
        [
          -0.822695645448421,
          0.4328963999463601,
          0.3684733122950524
        ],
        [
          0.5592783777736027,
          0.5001746614586235,
          0.6610847178612427
        ]
      ],
      "T": [
        0.7879581634043407,
        -0.4203564465276719,
        0.4123369394254694
      ]
    },
    "cam3_to_cam0": {
      "R": [
        [
          -0.9953420990590357,
          -0.07695324268214837,
          -0.058071544507225716
        ],
        [
          -0.0400625549212303,
          -0.21772563034142056,
          0.9751874392062351
        ],
        [
          -0.08768749930255582,
          0.9729716071567213,
          0.2136285424116609
        ]
      ],
      "T": [
        0.11292804407044413,
        -1.1822155119867812,
        0.9953272781892443
      ]
    }
  },
  "image_sets": {
    "rgb": [
      {
        "cam0": "./cam0/1677405797734.png",
        "cam1": "./cam1/1677405797734.png",
        "cam2": "./cam2/1677405797734.png",
        "cam3": "./cam3/1677405797734.png"
      },
      {
        "cam0": "./cam0/1677405806399.png",
        "cam1": "./cam1/1677405806399.png",
        "cam2": "./cam2/1677405806399.png",
        "cam3": "./cam3/1677405806399.png"
      },
      {
        "cam0": "./cam0/1677405815232.png",
        "cam1": "./cam1/1677405815232.png",
        "cam2": "./cam2/1677405815232.png",
        "cam3": "./cam3/1677405815232.png"
      },
      {
        "cam0": "./cam0/1677405822564.png",
        "cam1": "./cam1/1677405822564.png",
        "cam2": "./cam2/1677405822564.png",
        "cam3": "./cam3/1677405822564.png"
      },
      {
        "cam0": "./cam0/1677405830064.png",
        "cam1": "./cam1/1677405830064.png",
        "cam2": "./cam2/1677405830064.png",
        "cam3": "./cam3/1677405830064.png"
      },
      {
        "cam0": "./cam0/1677405843062.png",
        "cam1": "./cam1/1677405843062.png",
        "cam2": "./cam2/1677405843062.png",
        "cam3": "./cam3/1677405843062.png"
      },
      {
        "cam0": "./cam0/1677405847228.png",
        "cam1": "./cam1/1677405847228.png",
        "cam2": "./cam2/1677405847228.png",
        "cam3": "./cam3/1677405847228.png"
      },
      {
        "cam0": "./cam0/1677405854228.png",
        "cam1": "./cam1/1677405854228.png",
        "cam2": "./cam2/1677405854228.png",
        "cam3": "./cam3/1677405854228.png"
      },
      {
        "cam0": "./cam0/1677405860727.png",
        "cam1": "./cam1/1677405860727.png",
        "cam2": "./cam2/1677405860727.png",
        "cam3": "./cam3/1677405860727.png"
      },
      {
        "cam0": "./cam0/1677405868892.png",
        "cam1": "./cam1/1677405868892.png",
        "cam2": "./cam2/1677405868892.png",
        "cam3": "./cam3/1677405868892.png"
      },
      {
        "cam0": "./cam0/1677405876725.png",
        "cam1": "./cam1/1677405876725.png",
        "cam2": "./cam2/1677405876725.png",
        "cam3": "./cam3/1677405876725.png"
      },
      {
        "cam0": "./cam0/1677405882892.png",
        "cam1": "./cam1/1677405882892.png",
        "cam2": "./cam2/1677405882892.png",
        "cam3": "./cam3/1677405882892.png"
      },
      {
        "cam0": "./cam0/1677405891223.png",
        "cam1": "./cam1/1677405891223.png",
        "cam2": "./cam2/1677405891223.png",
        "cam3": "./cam3/1677405891223.png"
      },
      {
        "cam0": "./cam0/1677405899057.png",
        "cam1": "./cam1/1677405899057.png",
        "cam2": "./cam2/1677405899057.png",
        "cam3": "./cam3/1677405899057.png"
      },
      {
        "cam0": "./cam0/1677405905555.png",
        "cam1": "./cam1/1677405905555.png",
        "cam2": "./cam2/1677405905555.png",
        "cam3": "./cam3/1677405905555.png"
      },
      {
        "cam0": "./cam0/1677405920554.png",
        "cam1": "./cam1/1677405920554.png",
        "cam2": "./cam2/1677405920554.png",
        "cam3": "./cam3/1677405920554.png"
      },
      {
        "cam0": "./cam0/1677405937053.png",
        "cam1": "./cam1/1677405937053.png",
        "cam2": "./cam2/1677405937053.png",
        "cam3": "./cam3/1677405937053.png"
      },
      {
        "cam0": "./cam0/1677405948052.png",
        "cam1": "./cam1/1677405948052.png",
        "cam2": "./cam2/1677405948052.png",
        "cam3": "./cam3/1677405948052.png"
      },
      {
        "cam0": "./cam0/1677405958550.png",
        "cam1": "./cam1/1677405958550.png",
        "cam2": "./cam2/1677405958550.png",
        "cam3": "./cam3/1677405958550.png"
      },
      {
        "cam0": "./cam0/1677405968216.png",
        "cam1": "./cam1/1677405968216.png",
        "cam2": "./cam2/1677405968216.png",