{
	"height" : 720,
	"intrinsic_matrix" : 
	[
		924.12676547816591,
		0.0,
		0.0,
		0.0,
		914.60289687465809,
		0.0,
		639.44021752033871,
		337.51114987604535,
		1.0
	],
	"width" : 1280
}