{
	"height" : 720,
	"intrinsic_matrix" : 
	[
		930.73938528667759,
		0.0,
		0.0,
		0.0,
		925.3438335911826,
		0.0,
		639.54547324658358,
		359.49969105319605,
		1.0
	],
	"width" : 1280
}