{
	"height" : 720,
	"intrinsic_matrix" : 
	[
		948.6254107091213,
		0.0,
		0.0,
		0.0,
		971.57390478973264,
		0.0,
		639.3740891420299,
		359.40952959625304,
		1.0
	],
	"width" : 1280
}